{
	"credit": "Made with Blockbench",
	"texture_size": [256, 256],
	"textures": {
		"0": "./gun_fabricator",
		"particle": "./gun_fabricator"
	},
	"elements": [
		{
			"from": [2.81404, 11.86404, -2.09568],
			"to": [4.81403, 13.86404, -1.09568],
			"rotation": {"angle": 45, "axis": "y", "origin": [4.725, 12.83904, -2.04784]},
			"faces": {
				"north": {"uv": [7.75, 0.3125, 7.875, 0.4375], "rotation": 270, "texture": "#0"},
				"east": {"uv": [7.875, 4.1875, 7.75, 4.125], "rotation": 90, "texture": "#0"},
				"south": {"uv": [7.75, 0.4375, 7.875, 0.5625], "rotation": 90, "texture": "#0"},
				"west": {"uv": [4.3125, 7.75, 4.1875, 7.8125], "rotation": 90, "texture": "#0"},
				"up": {"uv": [0.4375, 7.75, 0.5, 7.875], "rotation": 90, "texture": "#0"},
				"down": {"uv": [0.3125, 7.4375, 0.375, 7.5625], "rotation": 90, "texture": "#0"}
			}
		},
		{
			"from": [5.13596, 11.81404, -3.5],
			"to": [6.13596, 13.81404, -1.5],
			"rotation": {"angle": 22.5, "axis": "y", "origin": [4.725, 12.83904, -2.04784]},
			"faces": {
				"north": {"uv": [7.75, 0.125, 7.875, 0.1875], "rotation": 270, "texture": "#0"},
				"east": {"uv": [0.3125, 7.875, 0.1875, 7.75], "rotation": 90, "texture": "#0"},
				"south": {"uv": [4.0625, 7.75, 4.1875, 7.8125], "rotation": 90, "texture": "#0"},
				"west": {"uv": [0.4375, 7.75, 0.3125, 7.875], "rotation": 90, "texture": "#0"},
				"up": {"uv": [7.75, 4.0625, 7.875, 4.125], "rotation": 90, "texture": "#0"},
				"down": {"uv": [7.75, 1.0625, 7.875, 1.125], "rotation": 90, "texture": "#0"}
			}
		},
		{
			"from": [2.65657, 11.83463, -4.88555],
			"to": [4.65657, 13.83463, -3.88555],
			"rotation": {"angle": -22.5, "axis": "y", "origin": [2.975, 12.85963, -3.84776]},
			"faces": {
				"north": {"uv": [7.625, 7.8125, 7.5, 7.6875], "rotation": 90, "texture": "#0"},
				"east": {"uv": [7.5625, 6.875, 7.6875, 6.9375], "rotation": 90, "texture": "#0"},
				"south": {"uv": [7.8125, 7.5, 7.6875, 7.625], "rotation": 90, "texture": "#0"},
				"west": {"uv": [7.3125, 5.625, 7.4375, 5.6875], "rotation": 270, "texture": "#0"},
				"up": {"uv": [7.6875, 1.3125, 7.8125, 1.375], "texture": "#0"},
				"down": {"uv": [7.375, 2.625, 7.5, 2.6875], "rotation": 180, "texture": "#0"}
			}
		},
		{
			"from": [1.79343, 11.88463, -4.30996],
			"to": [2.79343, 13.88463, -2.30996],
			"rotation": {"angle": -22.5, "axis": "y", "origin": [2.975, 12.85963, -3.84776]},
			"faces": {
				"north": {"uv": [7.8125, 6.5, 7.6875, 6.4375], "rotation": 90, "texture": "#0"},
				"east": {"uv": [7.75, 0, 7.875, 0.125], "rotation": 90, "texture": "#0"},
				"south": {"uv": [7.8125, 7.625, 7.6875, 7.6875], "rotation": 90, "texture": "#0"},
				"west": {"uv": [7.625, 7.6875, 7.75, 7.8125], "rotation": 270, "texture": "#0"},
				"up": {"uv": [7.25, 7.3125, 7.3125, 7.4375], "texture": "#0"},
				"down": {"uv": [1.125, 7.3125, 1.1875, 7.4375], "rotation": 180, "texture": "#0"}
			}
		},
		{
			"from": [6.25, 11.4403, -5.79329],
			"to": [9.25, 14.4403, -1.79329],
			"rotation": {"angle": -45, "axis": "y", "origin": [7.75, 12.9403, -6.04329]},
			"faces": {
				"north": {"uv": [7.75, 0.6875, 7.5625, 0.5], "rotation": 180, "texture": "#0"},
				"east": {"uv": [7.3125, 5.375, 7.5, 5.625], "rotation": 90, "texture": "#0"},
				"south": {"uv": [1.125, 7.5625, 0.9375, 7.75], "texture": "#0"},
				"west": {"uv": [6.6875, 7.3125, 6.875, 7.5625], "rotation": 270, "texture": "#0"},
				"up": {"uv": [7.3125, 6.0625, 7.5, 6.3125], "texture": "#0"},
				"down": {"uv": [7.3125, 4.5625, 7.5, 4.8125], "rotation": 180, "texture": "#0"}
			}
		},
		{
			"from": [6.75, 11.9403, -10.79329],
			"to": [8.75, 13.9403, -5.79329],
			"rotation": {"angle": 45, "axis": "x", "origin": [7.75, 12.9403, -6.04329]},
			"faces": {
				"north": {"uv": [0.6875, 7.875, 0.5625, 7.75], "rotation": 180, "texture": "#0"},
				"east": {"uv": [3.9375, 7.4375, 4.0625, 7.75], "rotation": 90, "texture": "#0"},
				"south": {"uv": [7.875, 0.5625, 7.75, 0.6875], "texture": "#0"},
				"west": {"uv": [6.3125, 7.4375, 6.4375, 7.75], "rotation": 270, "texture": "#0"},
				"up": {"uv": [7.4375, 5.625, 7.5625, 5.9375], "texture": "#0"},
				"down": {"uv": [2.625, 7.4375, 2.75, 7.75], "rotation": 180, "texture": "#0"}
			}
		},
		{
			"from": [6.5, 16, -9.25],
			"to": [8.5, 21, -7.25],
			"rotation": {"angle": -22.5, "axis": "x", "origin": [7.5, 13.75, -8.25]},
			"faces": {
				"north": {"uv": [0.1875, 7.4375, 0.3125, 7.75], "texture": "#0"},
				"east": {"uv": [1.125, 7.4375, 1.25, 7.75], "texture": "#0"},
				"south": {"uv": [1.25, 7.4375, 1.375, 7.75], "texture": "#0"},
				"west": {"uv": [2.5, 7.4375, 2.625, 7.75], "texture": "#0"},
				"up": {"uv": [7.375, 2.125, 7.25, 2], "texture": "#0"},
				"down": {"uv": [7.8125, 2.5, 7.6875, 2.625], "texture": "#0"}
			}
		},
		{
			"from": [6, 20, -12.5],
			"to": [9, 25, -9.5],
			"rotation": {"angle": 0, "axis": "y", "origin": [12, 8, -24.5]},
			"faces": {
				"north": {"uv": [6.3125, 6.8125, 6.5, 7.125], "texture": "#0"},
				"east": {"uv": [0.375, 6.9375, 0.5625, 7.25], "texture": "#0"},
				"south": {"uv": [7, 3.0625, 7.1875, 3.375], "texture": "#0"},
				"west": {"uv": [6.75, 7, 6.9375, 7.3125], "texture": "#0"},
				"up": {"uv": [7.75, 1.125, 7.5625, 0.9375], "texture": "#0"},
				"down": {"uv": [7.75, 2, 7.5625, 2.1875], "texture": "#0"}
			}
		},
		{
			"from": [5, 22, -12],
			"to": [10, 25, -10],
			"rotation": {"angle": 0, "axis": "y", "origin": [11, 10, -24]},
			"faces": {
				"north": {"uv": [7, 2.6875, 7.3125, 2.875], "texture": "#0"},
				"east": {"uv": [7.6875, 3, 7.8125, 3.1875], "texture": "#0"},
				"south": {"uv": [7, 2.875, 7.3125, 3.0625], "texture": "#0"},
				"west": {"uv": [7.6875, 4.3125, 7.8125, 4.5], "texture": "#0"},
				"up": {"uv": [7.6875, 1.375, 7.375, 1.25], "texture": "#0"},
				"down": {"uv": [7.6875, 2.5, 7.375, 2.625], "texture": "#0"}
			}
		},
		{
			"from": [3, 25, -14],
			"to": [11, 31, -8],
			"rotation": {"angle": 0, "axis": "y", "origin": [11, 13, -24]},
			"faces": {
				"north": {"uv": [6.6875, 1.625, 7.1875, 1.8125], "texture": "#0"},
				"east": {"uv": [6.9375, 4.5625, 7.3125, 4.75], "texture": "#0"},
				"south": {"uv": [0, 6.75, 0.5, 6.9375], "texture": "#0"},
				"west": {"uv": [6.9375, 6.125, 7.3125, 6.3125], "texture": "#0"},
				"up": {"uv": [2, 6.5, 1.5, 6.125], "texture": "#0"},
				"down": {"uv": [2.5, 6.125, 2, 6.5], "texture": "#0"}
			}
		}
	],
	"display": {
		"thirdperson_righthand": {
			"translation": [2.25, -18, 18.75]
		},
		"thirdperson_lefthand": {
			"translation": [0, -14, 18.25]
		},
		"firstperson_righthand": {
			"translation": [19, -21, 0],
			"scale": [1.31, 1.31, 1.31]
		},
		"firstperson_lefthand": {
			"translation": [7.75, -11, 0],
			"scale": [0.75, 0.75, 0.75]
		},
		"gui": {
			"rotation": [1.62, -21.85, -23.8],
			"translation": [-7.25, -10, 0],
			"scale": [0.87, 0.87, 0.87]
		},
		"fixed": {
			"rotation": [-90, 0, -180],
			"translation": [-1.5, 40.5, -46.25],
			"scale": [2.07, 2.07, 2.07]
		}
	},
	"groups": [
		{
			"name": "group",
			"origin": [-4, 13, -5],
			"color": 0,
			"children": [0, 1, 2, 3, 4, 5, 6, 7, 8, 9]
		}
	]
}